{
  "label": "utterance",
  "sample_rate": 16000,
  "duration_seconds": 2.56,
  "peak": 0.3427838981151581,
  "rms": 0.04673944413661957,
  "metadata": {
    "duration_seconds": 1.696,
    "keyphrase": "jarvis"
  }
}