{
  "label": "utterance",
  "sample_rate": 16000,
  "duration_seconds": 2.368,
  "peak": 0.5154576301574707,
  "rms": 0.05425696820020676,
  "metadata": {
    "duration_seconds": 1.28,
    "keyphrase": "conversation on"
  }
}